GAME_ID,EVENTNUM,EVENTMSGTYPE,EVENTMSGACTIONTYPE,PERIOD,WCTIMESTRING,PCTIMESTRING,HOMEDESCRIPTION,NEUTRALDESCRIPTION,VISITORDESCRIPTION,SCORE,SCOREMARGIN
0041900403,2,12,0,1,7:41 PM,12:00,,,,,
0041900403,4,10,0,1,7:41 PM,12:00,Jump Ball Leonard vs. Howard: Tip to James,,,,
0041900403,7,1,52,1,7:41 PM,11:52,,,Howard 1' Alley Oop Dunk (2 PTS) (James 1 AST),2 - 0,-2
0041900403,9,1,47,1,7:41 PM,11:28,Herro 14' Turnaround Jump Shot (2 PTS) (Robinson 1 AST),,,2 - 2,TIE
0041900403,11,5,2,1,7:42 PM,11:09,Robinson STEAL (1 STL),,Howard Lost Ball Turnover (P1.T1),,
0041900403,13,5,1,1,7:42 PM,10:53,Herro Bad Pass Turnover (P1.T1),,Howard STEAL (1 STL),,
0041900403,15,1,41,1,7:42 PM,10:51,,,James 2' Running Layup (2 PTS),4 - 2,-2
0041900403,16,6,2,1,7:42 PM,10:51,Leonard S.FOUL (P1.T1) (T.Brothers),,,,
0041900403,18,3,10,1,7:43 PM,10:51,,,MISS James Free Throw 1 of 1,,
0041900403,19,4,0,1,7:43 PM,10:51,Leonard REBOUND (Off:0 Def:1),,,,
0041900403,20,1,9,1,7:43 PM,10:38,Butler 1' Driving Dunk (2 PTS),,,4 - 4,TIE
0041900403,21,1,102,1,7:43 PM,10:10,,,James 11' Driving Floating Bank Jump Shot (4 PTS) (Davis 1 AST),6 - 4,-2
0041900403,23,1,1,1,7:43 PM,9:56,Leonard 27' 3PT Jump Shot (3 PTS) (Butler 1 AST),,,6 - 7,1
0041900403,25,2,1,1,7:44 PM,9:37,,,MISS Green  3PT Jump Shot,,
0041900403,26,4,0,1,7:44 PM,9:36,Crowder REBOUND (Off:0 Def:1),,,,
0041900403,27,2,57,1,7:44 PM,9:15,MISS Herro 9' Driving Hook Shot,,James BLOCK (1 BLK),,
0041900403,29,4,0,1,7:44 PM,9:14,,,Caldwell-Pope REBOUND (Off:0 Def:1),,
0041900403,30,6,1,1,7:44 PM,9:07,Robinson P.FOUL (P1.T2) (S.Foster),,,,
0041900403,32,2,57,1,7:45 PM,8:59,,,MISS Green 8' Driving Hook Shot,,
0041900403,33,4,0,1,7:45 PM,8:58,,,Howard REBOUND (Off:1 Def:0),,
0041900403,34,5,39,1,7:45 PM,8:55,,,Green Step Out of Bounds Turnover (P1.T2),,
0041900403,35,1,1,1,7:45 PM,8:41,Crowder 26' 3PT Jump Shot (3 PTS) (Robinson 2 AST),,,6 - 10,4
0041900403,37,6,1,1,7:45 PM,8:30,Crowder P.FOUL (P1.T3) (T.Brothers),,,,
0041900403,39,1,52,1,7:46 PM,8:25,,,Howard 2' Alley Oop Dunk (4 PTS) (James 2 AST),8 - 10,2
0041900403,41,1,3,1,7:46 PM,8:13,Leonard 7' Hook Shot (5 PTS) (Butler 2 AST),,,8 - 12,4
0041900403,43,5,45,1,7:46 PM,7:58,,,James Out of Bounds - Bad Pass Turnover Turnover (P1.T3),,
0041900403,44,1,98,1,7:46 PM,7:44,Robinson 1' Cutting Layup Shot (2 PTS) (Butler 3 AST),,,8 - 14,6
0041900403,46,5,2,1,7:47 PM,7:34,Butler STEAL (1 STL),,James Lost Ball Turnover (P2.T4),,
0041900403,48,1,50,1,7:47 PM,7:32,Butler 1' Running Dunk (4 PTS) (Herro 1 AST),,,8 - 16,8
0041900403,50,9,1,1,7:47 PM,7:32,,,Lakers Timeout: Regular (Reg.1 Short 0),,
0041900403,51,5,40,1,7:51 PM,7:19,,,Davis Out of Bounds Lost Ball Turnover (P1.T5),,
0041900403,52,2,63,1,7:51 PM,7:07,MISS Crowder 17' Fadeaway Jumper,,,,
0041900403,53,4,0,1,7:51 PM,7:06,,,James REBOUND (Off:0 Def:1),,
0041900403,54,6,2,1,7:51 PM,7:00,Crowder S.FOUL (P2.T4) (P.Fraher),,,,
0041900403,56,3,11,1,7:52 PM,7:00,,,MISS James Free Throw 1 of 2,,
0041900403,57,4,1,1,7:52 PM,7:00,,,Lakers Rebound,,
0041900403,58,8,0,1,7:52 PM,7:00,SUB: Iguodala FOR Crowder,,,,
0041900403,60,3,12,1,7:52 PM,7:00,,,James Free Throw 2 of 2 (5 PTS),9 - 16,7
0041900403,61,2,79,1,7:52 PM,6:47,MISS Robinson 26' 3PT Pullup Jump Shot,,,,
0041900403,62,4,0,1,7:52 PM,6:45,,,Green REBOUND (Off:0 Def:1),,
0041900403,63,2,1,1,7:53 PM,6:20,,,MISS Green 26' 3PT Jump Shot,,
0041900403,64,4,0,1,7:53 PM,6:19,Robinson REBOUND (Off:0 Def:1),,,,
0041900403,65,2,103,1,7:53 PM,6:13,MISS Robinson 27' 3PT Running Pull-Up Jump Shot,,,,
0041900403,66,4,0,1,7:53 PM,6:12,,,Caldwell-Pope REBOUND (Off:0 Def:2),,
0041900403,67,5,2,1,7:53 PM,5:54,Leonard STEAL (1 STL),,Davis Lost Ball Turnover (P2.T6),,
0041900403,69,2,1,1,7:53 PM,5:45,MISS Robinson  3PT Jump Shot,,,,
0041900403,70,4,0,1,7:53 PM,5:44,,,Caldwell-Pope REBOUND (Off:0 Def:3),,
0041900403,71,5,2,1,7:53 PM,5:37,Butler STEAL (2 STL),,James Lost Ball Turnover (P3.T7),,
0041900403,73,6,2,1,7:54 PM,5:26,,,Howard S.FOUL (P1.T1) (S.Foster),,
0041900403,75,3,11,1,7:54 PM,5:26,Robinson Free Throw 1 of 2 (3 PTS),,,9 - 17,8
0041900403,76,8,0,1,7:54 PM,5:26,SUB: Olynyk FOR Leonard,,,,
0041900403,77,8,0,1,7:54 PM,5:26,SUB: Nunn FOR Herro,,,,
0041900403,78,8,0,1,7:54 PM,5:26,,,SUB: Kuzma FOR Green,,
0041900403,79,8,0,1,7:54 PM,5:26,,,SUB: Rondo FOR James,,
0041900403,84,3,12,1,7:55 PM,5:26,Robinson Free Throw 2 of 2 (4 PTS),,,9 - 18,9
0041900403,85,5,45,1,7:55 PM,5:14,,,Davis Out of Bounds - Bad Pass Turnover Turnover (P3.T8),,
0041900403,86,1,6,1,7:55 PM,5:05,Butler 6' Driving Layup (6 PTS),,,9 - 20,11
0041900403,87,6,26,1,7:56 PM,4:48,,,Davis Offensive Charge Foul (P1.T2) (S.Foster),,
0041900403,89,5,37,1,7:56 PM,4:48,,,Davis Offensive Foul Turnover (P4.T9),,
0041900403,90,8,0,1,7:56 PM,4:48,,,SUB: Caruso FOR Howard,,
0041900403,92,5,45,1,7:56 PM,4:33,Nunn Out of Bounds - Bad Pass Turnover Turnover (P1.T2),,,,
0041900403,93,2,79,1,7:57 PM,4:28,,,MISS Kuzma 11' Pullup Jump Shot,,
0041900403,94,4,0,1,7:57 PM,4:27,Robinson REBOUND (Off:0 Def:2),,,,
0041900403,95,6,2,1,7:57 PM,4:16,,,Davis S.FOUL (P2.T3) (P.Fraher),,
0041900403,97,3,11,1,7:57 PM,4:16,Olynyk Free Throw 1 of 2 (1 PTS),,,9 - 21,12
0041900403,98,8,0,1,7:57 PM,4:16,SUB: S. Hill FOR Butler,,,,
0041900403,99,8,0,1,7:57 PM,4:16,,,SUB: Morris FOR Caldwell-Pope,,
0041900403,100,8,0,1,7:57 PM,4:16,,,SUB: James FOR Davis,,
0041900403,104,8,0,1,7:57 PM,4:16,SUB: Herro FOR Robinson,,,,
0041900403,106,3,12,1,7:58 PM,4:16,Olynyk Free Throw 2 of 2 (2 PTS),,,9 - 22,13
0041900403,107,2,1,1,7:58 PM,3:54,,,MISS Rondo 25' 3PT Jump Shot,,
0041900403,108,4,0,1,7:58 PM,3:52,Herro REBOUND (Off:0 Def:1),,,,
0041900403,109,2,98,1,7:59 PM,3:34,MISS Herro 4' Cutting Layup Shot,,,,
0041900403,110,4,0,1,7:59 PM,3:33,,,Rondo REBOUND (Off:0 Def:1),,
0041900403,111,6,2,1,7:59 PM,3:28,Iguodala S.FOUL (P1.PN) (T.Brothers),,,,
0041900403,113,3,11,1,7:59 PM,3:28,,,MISS James Free Throw 1 of 2,,
0041900403,114,4,1,1,7:59 PM,3:28,,,Lakers Rebound,,
0041900403,115,3,12,1,8:00 PM,3:28,,,James Free Throw 2 of 2 (6 PTS),10 - 22,12
0041900403,116,5,1,1,8:00 PM,3:11,Nunn Bad Pass Turnover (P2.T3),,Rondo STEAL (1 STL),,
0041900403,118,6,2,1,8:00 PM,3:08,S. Hill S.FOUL (P1.PN) (S.Foster),,,,
0041900403,120,3,11,1,8:00 PM,3:08,,,James Free Throw 1 of 2 (7 PTS),11 - 22,11
0041900403,121,3,12,1,8:01 PM,3:08,,,James Free Throw 2 of 2 (8 PTS),12 - 22,10
0041900403,122,9,1,1,8:01 PM,3:03,HEAT Timeout: Regular (Full 1 Short 0),,,,
0041900403,123,2,79,1,8:05 PM,2:57,MISS Herro 19' Pullup Jump Shot,,,,
0041900403,124,4,0,1,8:05 PM,2:56,,,James REBOUND (Off:0 Def:2),,
0041900403,125,5,1,1,8:05 PM,2:48,Olynyk STEAL (1 STL),,James Bad Pass Turnover (P4.T10),,
0041900403,127,2,41,1,8:05 PM,2:43,MISS Herro 3' Running Layup,,James BLOCK (2 BLK),,
0041900403,129,4,0,1,8:05 PM,2:43,HEAT Rebound,,,,
0041900403,131,2,1,1,8:05 PM,2:40,MISS Herro 19' Jump Shot,,,,
0041900403,132,4,0,1,8:05 PM,2:40,,,Lakers Rebound,,
0041900403,134,1,63,1,8:06 PM,2:21,,,Kuzma  3PT Fadeaway Jumper (3 PTS) (Morris 1 AST),15 - 22,7
0041900403,136,2,1,1,8:06 PM,2:03,MISS Nunn 27' 3PT Jump Shot,,,,
0041900403,137,4,0,1,8:06 PM,2:02,HEAT Rebound,,,,
0041900403,138,6,3,1,8:06 PM,2:02,,,Kuzma L.B.FOUL (P1.T4) (S.Foster),,
0041900403,140,8,0,1,8:06 PM,2:02,SUB: Butler FOR S. Hill,,,,
0041900403,142,1,63,1,8:07 PM,1:52,Butler 10' Fadeaway Jumper (8 PTS),,,15 - 24,9
0041900403,143,2,1,1,8:07 PM,1:36,,,MISS Kuzma 25' 3PT Jump Shot,,
0041900403,144,4,0,1,8:07 PM,1:35,Butler REBOUND (Off:0 Def:1),,,,
0041900403,145,2,1,1,8:07 PM,1:21,MISS Iguodala 24' 3PT Jump Shot,,,,
0041900403,146,4,0,1,8:07 PM,1:20,,,Rondo REBOUND (Off:0 Def:2),,
0041900403,147,1,1,1,8:07 PM,1:07,,,Morris  3PT Jump Shot (3 PTS) (Caruso 1 AST),18 - 24,6
0041900403,149,6,2,1,8:08 PM,0:54,,,Kuzma S.FOUL (P2.PN) (P.Fraher),,
0041900403,151,3,11,1,8:09 PM,0:54,Olynyk Free Throw 1 of 2 (3 PTS),,,18 - 25,7
0041900403,152,3,12,1,8:09 PM,0:54,Olynyk Free Throw 2 of 2 (4 PTS),,,18 - 26,8
0041900403,153,6,2,1,8:09 PM,0:44,Olynyk S.FOUL (P1.PN) (S.Foster),,,,
0041900403,155,3,13,1,8:09 PM,0:44,,,Morris Free Throw 1 of 3 (4 PTS),19 - 26,7
0041900403,156,3,14,1,8:10 PM,0:44,,,MISS Morris Free Throw 2 of 3,,
0041900403,157,4,1,1,8:10 PM,0:44,,,Lakers Rebound,,
0041900403,158,3,15,1,8:10 PM,0:44,,,Morris Free Throw 3 of 3 (5 PTS),20 - 26,6
0041900403,159,2,86,1,8:10 PM,0:20,MISS Butler 14' Turnaround Fadeaway Shot,,,,
0041900403,160,4,0,1,8:10 PM,0:19,,,Rondo REBOUND (Off:0 Def:3),,
0041900403,161,1,1,1,8:11 PM,0:00,,,Kuzma 24' 3PT Jump Shot (6 PTS) (James 3 AST),23 - 26,3
0041900403,163,18,0,1,8:11 PM,0:00,,,,23 - 26,3
0041900403,164,13,0,1,8:12 PM,0:00,,,,23 - 26,3
0041900403,165,12,0,2,8:14 PM,12:00,,,,23 - 26,3
0041900403,203,2,73,2,8:15 PM,11:36,MISS Butler 3' Driving Reverse Layup,,,,
0041900403,204,4,0,2,8:15 PM,11:35,,,James REBOUND (Off:0 Def:3),,
0041900403,168,1,1,2,8:15 PM,11:28,,,Morris 26' 3PT Jump Shot (8 PTS) (Caruso 2 AST),26 - 26,TIE
0041900403,170,5,1,2,8:15 PM,11:22,Iguodala Bad Pass Turnover (P1.T4),,Rondo STEAL (2 STL),,
0041900403,172,2,1,2,8:15 PM,11:19,,,MISS Kuzma 26' 3PT Jump Shot,,
0041900403,173,4,0,2,8:15 PM,11:18,Olynyk REBOUND (Off:0 Def:1),,,,
0041900403,174,1,108,2,8:15 PM,11:02,Iguodala 1' Cutting Dunk Shot (2 PTS) (Nunn 1 AST),,,26 - 28,2
0041900403,176,2,1,2,8:16 PM,10:38,,,MISS Morris 25' 3PT Jump Shot,,
0041900403,177,4,0,2,8:16 PM,10:37,Olynyk REBOUND (Off:0 Def:2),,,,
0041900403,178,2,79,2,8:16 PM,10:28,MISS Herro 18' Pullup Jump Shot,,,,
0041900403,179,4,0,2,8:16 PM,10:27,,,James REBOUND (Off:0 Def:4),,
0041900403,180,5,1,2,8:16 PM,10:22,Herro STEAL (1 STL),,Morris Bad Pass Turnover (P1.T11),,
0041900403,182,2,79,2,8:16 PM,10:16,MISS Herro 27' 3PT Pullup Jump Shot,,,,
0041900403,183,4,0,2,8:16 PM,10:13,,,James REBOUND (Off:0 Def:5),,
0041900403,184,1,57,2,8:16 PM,10:09,,,Kuzma 7' Driving Hook Shot (8 PTS) (James 4 AST),28 - 28,TIE
0041900403,186,6,2,2,8:16 PM,10:09,Iguodala S.FOUL (P2.T1) (S.Foster),,,,
0041900403,188,8,0,2,8:17 PM,10:09,SUB: Crowder FOR Herro,,,,
0041900403,189,8,0,2,8:17 PM,10:09,SUB: Robinson FOR Iguodala,,,,
0041900403,190,8,0,2,8:17 PM,10:09,,,SUB: Green FOR Rondo,,
0041900403,194,3,10,2,8:17 PM,10:09,,,Kuzma Free Throw 1 of 1 (9 PTS),29 - 28,-1
0041900403,195,2,58,2,8:17 PM,9:53,MISS Olynyk 11' Turnaround Hook Shot,,,,
0041900403,196,4,0,2,8:17 PM,9:52,,,Morris REBOUND (Off:0 Def:1),,
0041900403,197,2,9,2,8:17 PM,9:45,,,MISS James 6' Driving Dunk,,
0041900403,198,4,0,2,8:17 PM,9:44,Butler REBOUND (Off:0 Def:2),,,,
0041900403,199,2,1,2,8:17 PM,9:38,MISS Crowder 26' 3PT Jump Shot,,,,
0041900403,200,4,0,2,8:17 PM,9:38,,,Green REBOUND (Off:0 Def:2),,
0041900403,201,6,1,2,8:18 PM,9:25,Nunn P.FOUL (P1.T2) (S.Foster),,,,
0041900403,205,2,1,2,8:18 PM,9:13,,,MISS Morris  3PT Jump Shot,,
0041900403,206,4,0,2,8:18 PM,9:11,Crowder REBOUND (Off:0 Def:2),,,,
0041900403,207,1,98,2,8:19 PM,9:00,Crowder 3' Cutting Layup Shot (5 PTS) (Olynyk 1 AST),,,29 - 30,1
0041900403,209,9,1,2,8:19 PM,9:00,,,Lakers Timeout: Regular (Reg.2 Short 0),,
0041900403,210,8,0,2,8:22 PM,9:00,,,SUB: Davis FOR James,,
0041900403,214,8,0,2,8:22 PM,9:00,,,SUB: Rondo FOR Morris,,
0041900403,215,1,1,2,8:23 PM,8:46,,,Davis 24' 3PT Jump Shot (3 PTS) (Rondo 1 AST),32 - 30,-2
0041900403,217,6,2,2,8:23 PM,8:34,,,Green S.FOUL (P1.T1) (S.Foster),,
0041900403,219,3,11,2,8:23 PM,8:34,MISS Butler Free Throw 1 of 2,,,,
0041900403,220,4,1,2,8:23 PM,8:34,HEAT Rebound,,,,
0041900403,221,3,12,2,8:24 PM,8:34,Butler Free Throw 2 of 2 (9 PTS),,,32 - 31,-1
0041900403,222,1,52,2,8:24 PM,8:27,,,Davis 2' Alley Oop Dunk (5 PTS) (Rondo 2 AST),34 - 31,-3
0041900403,224,1,79,2,8:24 PM,8:16,Nunn 13' Pullup Jump Shot (2 PTS) (Butler 4 AST),,,34 - 33,-1
0041900403,226,6,1,2,8:24 PM,8:04,Nunn P.FOUL (P2.T3) (S.Foster),,,,
0041900403,228,1,1,2,8:25 PM,8:00,,,Caruso 26' 3PT Jump Shot (3 PTS) (Rondo 3 AST),37 - 33,-4
0041900403,230,2,1,2,8:25 PM,7:46,MISS Olynyk  3PT Jump Shot,,,,
0041900403,231,4,0,2,8:25 PM,7:46,HEAT Rebound,,,,
0041900403,232,6,3,2,8:25 PM,7:46,,,Green L.B.FOUL (P2.T2) (T.Brothers),,
0041900403,234,1,1,2,8:26 PM,7:36,Crowder 24' 3PT Jump Shot (8 PTS) (Robinson 3 AST),,,37 - 36,-1
0041900403,236,5,45,2,8:26 PM,7:21,,,Rondo Out of Bounds - Bad Pass Turnover Turnover (P1.T12),,
0041900403,237,1,102,2,8:26 PM,7:12,Butler 7' Driving Floating Bank Jump Shot (11 PTS),,,37 - 38,1
0041900403,238,6,26,2,8:26 PM,7:00,,,Kuzma Offensive Charge Foul (P3.T3) (T.Brothers),,
0041900403,240,5,37,2,8:26 PM,7:00,,,Kuzma Offensive Foul Turnover (P1.T13),,
0041900403,241,8,0,2,8:26 PM,7:00,,,SUB: Caldwell-Pope FOR Kuzma,,
0041900403,243,8,0,2,8:26 PM,7:00,,,SUB: Morris FOR Green,,
0041900403,245,5,1,2,8:27 PM,6:51,Butler Bad Pass Turnover (P1.T5),,Caruso STEAL (1 STL),,
0041900403,247,2,1,2,8:27 PM,6:46,,,MISS Caldwell-Pope  3PT Jump Shot,,
0041900403,248,4,0,2,8:27 PM,6:45,Butler REBOUND (Off:0 Def:3),,,,
0041900403,249,6,1,2,8:27 PM,6:43,,,Caldwell-Pope P.FOUL (P1.T4) (P.Fraher),,
0041900403,251,6,1,2,8:28 PM,6:39,,,Caldwell-Pope P.FOUL (P2.PN) (P.Fraher),,
0041900403,253,6,2,2,8:28 PM,6:32,,,Morris S.FOUL (P1.PN) (T.Brothers),,
0041900403,255,3,11,2,8:29 PM,6:32,Butler Free Throw 1 of 2 (12 PTS),,,37 - 39,2
0041900403,256,3,12,2,8:29 PM,6:32,Butler Free Throw 2 of 2 (13 PTS),,,37 - 40,3
0041900403,258,2,80,2,8:30 PM,6:14,,,MISS Rondo 26' 3PT Step Back Jump Shot,,
0041900403,259,4,0,2,8:30 PM,6:12,Olynyk REBOUND (Off:0 Def:3),,,,
0041900403,260,1,79,2,8:30 PM,6:05,Butler 17' Pullup Jump Shot (15 PTS),,,37 - 42,5
0041900403,261,9,1,2,8:30 PM,6:05,,,Lakers Timeout: Regular (Reg.3 Short 0),,
0041900403,262,8,0,2,8:33 PM,6:05,,,SUB: James FOR Caruso,,
0041900403,264,2,1,2,8:34 PM,5:50,,,MISS Morris 24' 3PT Jump Shot,,
0041900403,265,4,0,2,8:34 PM,5:49,Butler REBOUND (Off:0 Def:4),,,,
0041900403,266,2,1,2,8:34 PM,5:37,MISS Crowder 26' 3PT Jump Shot,,,,
0041900403,267,4,0,2,8:34 PM,5:36,,,Davis REBOUND (Off:0 Def:1),,
0041900403,268,6,26,2,8:34 PM,5:28,,,Davis Offensive Charge Foul (P3.PN) (S.Foster),,
0041900403,270,5,37,2,8:34 PM,5:28,,,Davis Offensive Foul Turnover (P5.T14),,
0041900403,271,8,0,2,8:35 PM,5:28,,,SUB: Smith FOR Davis,,
0041900403,273,1,79,2,8:35 PM,5:12,Nunn 17' Pullup Jump Shot (4 PTS) (Butler 5 AST),,,37 - 44,7
0041900403,275,2,6,2,8:35 PM,4:49,,,MISS Morris 4' Driving Layup,,
0041900403,276,4,0,2,8:35 PM,4:48,,,James REBOUND (Off:1 Def:5),,
0041900403,277,2,97,2,8:35 PM,4:48,Robinson BLOCK (1 BLK),,MISS James 1' Tip Layup Shot,,
0041900403,278,4,0,2,8:35 PM,4:47,Nunn REBOUND (Off:0 Def:1),,,,
0041900403,279,5,2,2,8:36 PM,4:41,Nunn Lost Ball Turnover (P3.T6),,Smith STEAL (1 STL),,
0041900403,281,1,73,2,8:36 PM,4:33,,,James 2' Driving Reverse Layup (10 PTS) (Morris 2 AST),39 - 44,5
0041900403,283,6,2,2,8:36 PM,4:33,Olynyk S.FOUL (P2.T4) (T.Brothers),,,,
0041900403,285,3,10,2,8:36 PM,4:33,,,James Free Throw 1 of 1 (11 PTS),40 - 44,4
0041900403,286,9,1,2,8:37 PM,4:27,HEAT Timeout: Regular (Full 2 Short 0),,,,
0041900403,288,8,0,2,8:37 PM,4:27,,,SUB: Caruso FOR Rondo,,
0041900403,290,2,1,2,8:38 PM,4:17,MISS Butler 5' Jump Shot,,,,
0041900403,291,4,0,2,8:38 PM,4:16,Butler REBOUND (Off:1 Def:4),,,,
0041900403,292,5,40,2,8:38 PM,4:14,Butler Out of Bounds Lost Ball Turnover (P2.T7),,,,
0041900403,293,1,108,2,8:39 PM,4:03,,,Morris 2' Cutting Dunk Shot (10 PTS) (James 5 AST),42 - 44,2
0041900403,295,1,1,2,8:39 PM,3:48,Robinson 27' 3PT Jump Shot (7 PTS) (Butler 6 AST),,,42 - 47,5
0041900403,297,6,2,2,8:39 PM,3:35,Robinson S.FOUL (P2.PN) (S.Foster),,,,
0041900403,299,3,11,2,8:40 PM,3:35,,,Caruso Free Throw 1 of 2 (4 PTS),43 - 47,4
0041900403,300,8,0,2,8:40 PM,3:35,SUB: Iguodala FOR Olynyk,,,,
0041900403,302,3,12,2,8:40 PM,3:35,,,Caruso Free Throw 2 of 2 (5 PTS),44 - 47,3
0041900403,303,2,102,2,8:40 PM,3:25,MISS Butler 9' Driving Floating Bank Jump Shot,,,,
0041900403,304,4,0,2,8:40 PM,3:24,Iguodala REBOUND (Off:1 Def:0),,,,
0041900403,305,5,45,2,8:40 PM,3:19,Crowder Out of Bounds - Bad Pass Turnover Turnover (P1.T8),,,,
0041900403,306,1,75,2,8:41 PM,3:10,,,James 1' Driving Finger Roll Layup (13 PTS),46 - 47,1
0041900403,307,1,75,2,8:41 PM,2:55,Crowder 2' Driving Finger Roll Layup (10 PTS),,,46 - 49,3
0041900403,308,2,1,2,8:41 PM,2:37,,,MISS Smith  3PT Jump Shot,,
0041900403,309,4,0,2,8:41 PM,2:36,Butler REBOUND (Off:1 Def:5),,,,
0041900403,310,2,1,2,8:41 PM,2:28,MISS Robinson 28' 3PT Jump Shot,,,,
0041900403,311,4,0,2,8:41 PM,2:27,,,Smith REBOUND (Off:0 Def:1),,
0041900403,312,2,1,2,8:42 PM,2:10,,,MISS Caldwell-Pope  3PT Jump Shot,,
0041900403,313,4,0,2,8:42 PM,2:09,Crowder REBOUND (Off:0 Def:3),,,,
0041900403,314,1,41,2,8:42 PM,2:03,Butler 2' Running Layup (17 PTS),,,46 - 51,5
0041900403,315,6,2,2,8:42 PM,1:39,Nunn S.FOUL (P3.PN) (P.Fraher),,,,
0041900403,317,3,11,2,8:43 PM,1:39,,,Caruso Free Throw 1 of 2 (6 PTS),47 - 51,4
0041900403,318,8,0,2,8:43 PM,1:39,SUB: Herro FOR Nunn,,,,
0041900403,319,8,0,2,8:43 PM,1:39,SUB: S. Hill FOR Crowder,,,,
0041900403,320,8,0,2,8:43 PM,1:39,,,SUB: Rondo FOR Morris,,
0041900403,324,3,12,2,8:43 PM,1:39,,,Caruso Free Throw 2 of 2 (7 PTS),48 - 51,3
0041900403,325,1,5,2,8:43 PM,1:21,Butler 2' Layup (19 PTS) (Iguodala 1 AST),,,48 - 53,5
0041900403,327,1,1,2,8:44 PM,0:58,,,James 28' 3PT Jump Shot (16 PTS),51 - 53,2
0041900403,328,1,1,2,8:44 PM,0:51,S. Hill 26' 3PT Jump Shot (3 PTS) (Iguodala 2 AST),,,51 - 56,5
0041900403,330,1,1,2,8:44 PM,0:30,,,Smith 26' 3PT Jump Shot (3 PTS) (James 6 AST),54 - 56,2
0041900403,332,6,1,2,8:45 PM,0:17,,,James P.FOUL (P1.PN) (P.Fraher),,
0041900403,334,3,11,2,8:45 PM,0:17,Herro Free Throw 1 of 2 (3 PTS),,,54 - 57,3
0041900403,337,3,12,2,8:45 PM,0:17,Herro Free Throw 2 of 2 (4 PTS),,,54 - 58,4
0041900403,335,8,0,2,8:45 PM,0:17,SUB: Jones Jr. FOR Robinson,,,,
0041900403,338,2,1,2,8:46 PM,0:01,,,MISS Smith 24' 3PT Jump Shot,,
0041900403,339,4,0,2,8:46 PM,0:00,,,Rondo REBOUND (Off:1 Def:3),,
0041900403,340,2,97,2,8:46 PM,0:00,,,MISS Rondo 1' Tip Layup Shot,,
0041900403,341,4,0,2,8:46 PM,0:00,,,Lakers Rebound,,
0041900403,342,13,0,2,8:46 PM,0:00,,,,54 - 58,4
0041900403,355,12,0,3,9:02 PM,12:00,,,,54 - 58,4
0041900403,357,5,1,3,9:03 PM,11:35,Butler Bad Pass Turnover (P3.T9),,Davis STEAL (1 STL),,
0041900403,359,2,80,3,9:03 PM,11:22,,,MISS James 27' 3PT Step Back Jump Shot,,
0041900403,360,4,0,3,9:03 PM,11:21,Robinson REBOUND (Off:0 Def:3),,,,
0041900403,361,1,1,3,9:03 PM,11:09,Robinson 27' 3PT Jump Shot (10 PTS) (Butler 7 AST),,,54 - 61,7
0041900403,363,2,1,3,9:04 PM,10:40,,,MISS Green 28' 3PT Jump Shot,,
0041900403,364,4,0,3,9:04 PM,10:39,Robinson REBOUND (Off:0 Def:4),,,,
0041900403,365,6,1,3,9:04 PM,10:22,,,Davis P.FOUL (P4.T1) (S.Foster),,
0041900403,367,1,108,3,9:05 PM,10:15,Leonard 1' Cutting Dunk Shot (7 PTS) (Herro 2 AST),,,54 - 63,9
0041900403,369,2,1,3,9:05 PM,9:57,,,MISS Green 24' 3PT Jump Shot,,
0041900403,370,4,0,3,9:05 PM,9:56,Crowder REBOUND (Off:0 Def:4),,,,
0041900403,371,2,1,3,9:05 PM,9:48,MISS Crowder 26' 3PT Jump Shot,,,,
0041900403,372,4,0,3,9:05 PM,9:47,,,James REBOUND (Off:1 Def:6),,
0041900403,373,2,1,3,9:05 PM,9:34,,,MISS Davis 26' 3PT Jump Shot,,
0041900403,374,4,0,3,9:05 PM,9:32,Butler REBOUND (Off:1 Def:6),,,,
0041900403,375,1,1,3,9:06 PM,9:17,Herro 26' 3PT Jump Shot (7 PTS) (Butler 8 AST),,,54 - 66,12
0041900403,377,9,1,3,9:06 PM,9:17,,,Lakers Timeout: Regular (Reg.4 Short 0),,
0041900403,555,2,79,3,9:09 PM,9:07,,,MISS Caldwell-Pope 18' Pullup Jump Shot,,
0041900403,556,4,0,3,9:09 PM,9:06,HEAT Rebound,,,,
0041900403,380,6,3,3,9:10 PM,9:06,,,Howard L.B.FOUL (P2.T2) (S.Foster),,
0041900403,383,2,1,3,9:10 PM,8:45,MISS Herro  3PT Jump Shot,,,,
0041900403,384,4,0,3,9:10 PM,8:43,,,James REBOUND (Off:1 Def:7),,
0041900403,385,2,41,3,9:10 PM,8:39,,,MISS James 3' Running Layup,,
0041900403,386,4,0,3,9:10 PM,8:37,,,Davis REBOUND (Off:1 Def:1),,
0041900403,387,2,72,3,9:10 PM,8:36,Butler BLOCK (1 BLK),,MISS Davis 1' Putback Layup,,
0041900403,389,4,0,3,9:10 PM,8:35,Crowder REBOUND (Off:0 Def:5),,,,
0041900403,390,1,74,3,9:11 PM,8:33,Herro 1' Running Reverse Layup (9 PTS) (Crowder 1 AST),,,54 - 68,14
0041900403,392,2,6,3,9:11 PM,8:21,,,MISS Caldwell-Pope 4' Driving Layup,,
0041900403,393,4,0,3,9:11 PM,8:18,Butler REBOUND (Off:1 Def:7),,,,
0041900403,394,2,1,3,9:11 PM,8:13,MISS Herro 25' 3PT Jump Shot,,,,
0041900403,395,4,0,3,9:11 PM,8:11,Crowder REBOUND (Off:1 Def:5),,,,
0041900403,396,2,79,3,9:11 PM,7:59,MISS Crowder 26' 3PT Pullup Jump Shot,,,,
0041900403,397,4,0,3,9:11 PM,7:58,,,Green REBOUND (Off:0 Def:3),,
0041900403,398,6,1,3,9:11 PM,7:54,Leonard P.FOUL (P2.T1) (S.Foster),,,,
0041900403,400,18,0,3,9:12 PM,7:54,,,,54 - 68,14
0041900403,402,1,1,3,9:14 PM,7:44,,,Caldwell-Pope  3PT Jump Shot (3 PTS) (Green 1 AST),57 - 68,11
0041900403,404,2,1,3,9:14 PM,7:26,MISS Crowder 24' 3PT Jump Shot,,,,
0041900403,405,4,0,3,9:14 PM,7:25,,,Howard REBOUND (Off:1 Def:1),,
0041900403,406,2,101,3,9:14 PM,7:11,,,MISS Green 12' Driving Floating Jump Shot,,
0041900403,407,4,0,3,9:14 PM,7:10,,,Howard REBOUND (Off:2 Def:1),,
0041900403,408,1,101,3,9:14 PM,7:06,,,Davis 12' Driving Floating Jump Shot (7 PTS) (Howard 1 AST),59 - 68,9
0041900403,410,5,1,3,9:15 PM,6:47,Butler Bad Pass Turnover (P4.T10),,Caldwell-Pope STEAL (1 STL),,
0041900403,412,6,2,3,9:15 PM,6:45,Robinson S.FOUL (P3.T2) (P.Fraher),,,,
0041900403,414,3,11,3,9:15 PM,6:45,,,Caldwell-Pope Free Throw 1 of 2 (4 PTS),60 - 68,8
0041900403,415,3,12,3,9:15 PM,6:45,,,MISS Caldwell-Pope Free Throw 2 of 2,,
0041900403,416,4,0,3,9:15 PM,6:44,Butler REBOUND (Off:1 Def:8),,,,
0041900403,417,2,1,3,9:16 PM,6:34,MISS Herro 26' 3PT Jump Shot,,,,
0041900403,418,4,0,3,9:16 PM,6:33,,,Davis REBOUND (Off:1 Def:2),,
0041900403,419,6,2,3,9:16 PM,6:12,Herro S.FOUL (P1.T3) (P.Fraher),,,,
0041900403,421,3,11,3,9:16 PM,6:12,,,Green Free Throw 1 of 2 (1 PTS),61 - 68,7
0041900403,422,3,12,3,9:17 PM,6:12,,,Green Free Throw 2 of 2 (2 PTS),62 - 68,6
0041900403,423,6,2,3,9:17 PM,5:51,,,Green S.FOUL (P3.T3) (P.Fraher),,
0041900403,425,3,11,3,9:18 PM,5:51,Butler Free Throw 1 of 2 (20 PTS),,,62 - 69,7
0041900403,426,8,0,3,9:18 PM,5:51,SUB: Olynyk FOR Leonard,,,,
0041900403,428,3,12,3,9:18 PM,5:51,Butler Free Throw 2 of 2 (21 PTS),,,62 - 70,8
0041900403,429,1,6,3,9:18 PM,5:35,,,James 2' Driving Layup (18 PTS),64 - 70,6
0041900403,430,1,79,3,9:18 PM,5:16,Butler 9' Pullup Jump Shot (23 PTS),,,64 - 72,8
0041900403,432,8,0,3,9:19 PM,5:03,,,SUB: Kuzma FOR Green,,
0041900403,433,8,0,3,9:19 PM,5:03,,,SUB: Rondo FOR James,,
0041900403,436,1,93,3,9:19 PM,4:58,,,Rondo 7' Driving Bank Hook Shot (2 PTS),66 - 72,6
0041900403,437,1,5,3,9:19 PM,4:46,Butler 7' Layup (25 PTS),,,66 - 74,8
0041900403,438,6,1,3,9:19 PM,4:40,Olynyk P.FOUL (P3.T4) (P.Fraher),,,,
0041900403,440,8,0,3,9:20 PM,4:40,SUB: Nunn FOR Herro,,,,
0041900403,441,8,0,3,9:20 PM,4:40,,,SUB: Morris FOR Howard,,
0041900403,444,1,1,3,9:20 PM,4:32,,,Davis 20' Jump Shot (9 PTS) (Rondo 4 AST),68 - 74,6
0041900403,446,1,1,3,9:20 PM,4:22,Olynyk 26' 3PT Jump Shot (7 PTS) (Nunn 2 AST),,,68 - 77,9
0041900403,448,6,1,3,9:21 PM,4:10,Crowder P.FOUL (P3.PN) (T.Brothers),,,,
0041900403,450,3,11,3,9:21 PM,4:10,,,Davis Free Throw 1 of 2 (10 PTS),69 - 77,8
0041900403,451,3,12,3,9:21 PM,4:10,,,Davis Free Throw 2 of 2 (11 PTS),70 - 77,7
0041900403,452,2,1,3,9:22 PM,3:51,MISS Olynyk 24' 3PT Jump Shot,,,,
0041900403,453,4,0,3,9:22 PM,3:50,,,Rondo REBOUND (Off:1 Def:4),,
0041900403,454,2,1,3,9:22 PM,3:41,,,MISS Kuzma  3PT Jump Shot,,
0041900403,455,4,0,3,9:22 PM,3:40,Olynyk REBOUND (Off:0 Def:4),,,,
0041900403,456,6,2,3,9:22 PM,3:35,,,Caldwell-Pope S.FOUL (P3.T4) (T.Brothers),,
0041900403,458,3,11,3,9:23 PM,3:35,MISS Butler Free Throw 1 of 2,,,,
0041900403,459,4,1,3,9:23 PM,3:35,HEAT Rebound,,,,
0041900403,460,8,0,3,9:23 PM,3:35,SUB: Iguodala FOR Crowder,,,,
0041900403,461,8,0,3,9:23 PM,3:35,,,SUB: Caruso FOR Caldwell-Pope,,
0041900403,464,3,12,3,9:23 PM,3:35,Butler Free Throw 2 of 2 (26 PTS),,,70 - 78,8
0041900403,465,2,6,3,9:23 PM,3:11,,,MISS Rondo 7' Driving Layup,,
0041900403,466,4,0,3,9:23 PM,3:11,,,Lakers Rebound,,
0041900403,467,5,11,3,9:24 PM,3:11,,,Lakers Turnover: Shot Clock (T#15),,
0041900403,468,1,1,3,9:24 PM,2:55,Olynyk 26' 3PT Jump Shot (10 PTS) (Iguodala 3 AST),,,70 - 81,11
0041900403,470,6,2,3,9:24 PM,2:48,Nunn S.FOUL (P4.PN) (P.Fraher),,,,
0041900403,472,9,1,3,9:24 PM,2:48,HEAT Timeout: Regular (Full 3 Short 0),,,,
0041900403,473,8,0,3,9:27 PM,2:48,SUB: Herro FOR Nunn,,,,
0041900403,475,3,11,3,9:28 PM,2:48,,,Caruso Free Throw 1 of 2 (8 PTS),71 - 81,10
0041900403,476,3,12,3,9:28 PM,2:48,,,MISS Caruso Free Throw 2 of 2,,
0041900403,477,4,0,3,9:28 PM,2:48,,,Morris REBOUND (Off:1 Def:1),,
0041900403,478,2,93,3,9:29 PM,2:35,,,MISS Rondo 7' Driving Bank Hook Shot,,
0041900403,479,4,0,3,9:29 PM,2:34,Herro REBOUND (Off:0 Def:2),,,,
0041900403,480,1,86,3,9:29 PM,2:10,Butler 15' Turnaround Fadeaway (28 PTS),,,71 - 83,12
0041900403,481,1,86,3,9:30 PM,1:50,,,Davis 15' Turnaround Fadeaway (13 PTS),73 - 83,10
0041900403,482,5,1,3,9:30 PM,1:36,Butler Bad Pass Turnover (P5.T11),,Davis STEAL (2 STL),,
0041900403,484,2,41,3,9:30 PM,1:31,,,MISS Caruso 2' Running Layup,,
0041900403,485,4,0,3,9:30 PM,1:30,,,Davis REBOUND (Off:2 Def:2),,
0041900403,486,1,107,3,9:30 PM,1:30,,,Davis 1' Tip Dunk Shot (15 PTS),75 - 83,8
0041900403,488,2,1,3,9:31 PM,1:06,MISS Robinson 25' 3PT Jump Shot,,,,
0041900403,489,4,0,3,9:31 PM,1:05,,,Rondo REBOUND (Off:1 Def:5),,
0041900403,490,2,1,3,9:31 PM,0:55,,,MISS Morris  3PT Jump Shot,,
0041900403,491,4,0,3,9:31 PM,0:54,Herro REBOUND (Off:0 Def:3),,,,
0041900403,492,2,1,3,9:31 PM,0:47,MISS Robinson  3PT Jump Shot,,,,
0041900403,493,4,0,3,9:31 PM,0:46,,,Morris REBOUND (Off:1 Def:2),,
0041900403,494,1,1,3,9:31 PM,0:34,,,Kuzma 24' 3PT Jump Shot (12 PTS) (Davis 2 AST),78 - 83,5
0041900403,496,6,2,3,9:31 PM,0:21,,,Rondo S.FOUL (P1.PN) (T.Brothers),,
0041900403,498,3,11,3,9:33 PM,0:21,Butler Free Throw 1 of 2 (29 PTS),,,78 - 84,6
0041900403,499,8,0,3,9:33 PM,0:21,SUB: Jones Jr. FOR Olynyk,,,,
0041900403,500,8,0,3,9:33 PM,0:21,,,SUB: James FOR Morris,,
0041900403,503,3,12,3,9:33 PM,0:21,Butler Free Throw 2 of 2 (30 PTS),,,78 - 85,7
0041900403,504,1,6,3,9:33 PM,0:02,,,James 3' Driving Layup (20 PTS),80 - 85,5
0041900403,505,18,0,3,9:34 PM,0:00,,,,80 - 85,5
0041900403,506,13,0,3,9:34 PM,0:00,,,,80 - 85,5
0041900403,515,12,0,4,9:38 PM,12:00,,,,80 - 85,5
0041900403,516,2,1,4,9:38 PM,11:39,,,MISS Morris 27' 3PT Jump Shot,,
0041900403,517,4,0,4,9:38 PM,11:38,Olynyk REBOUND (Off:0 Def:5),,,,
0041900403,518,2,5,4,9:39 PM,11:18,MISS Herro 1' Layup,,,,
0041900403,519,4,0,4,9:39 PM,11:16,,,Morris REBOUND (Off:1 Def:3),,
0041900403,520,1,6,4,9:39 PM,11:05,,,James 2' Driving Layup (22 PTS),82 - 85,3
0041900403,521,6,2,4,9:39 PM,11:05,Crowder S.FOUL (P4.T1) (P.Fraher),,,,
0041900403,523,8,0,4,9:39 PM,11:05,SUB: Butler FOR Iguodala,,,,
0041900403,525,3,10,4,9:40 PM,11:05,,,James Free Throw 1 of 1 (23 PTS),83 - 85,2
0041900403,526,1,102,4,9:40 PM,10:48,Olynyk 8' Driving Floating Bank Jump Shot (12 PTS),,,83 - 87,4
0041900403,527,2,1,4,9:40 PM,10:32,,,MISS Caruso  3PT Jump Shot,,
0041900403,528,4,0,4,9:40 PM,10:31,Olynyk REBOUND (Off:0 Def:6),,,,
0041900403,529,1,98,4,9:40 PM,10:19,Crowder 1' Cutting Layup Shot (12 PTS) (Butler 9 AST),,,83 - 89,6
0041900403,531,1,1,4,9:41 PM,9:55,,,Morris  3PT Jump Shot (13 PTS) (James 7 AST),86 - 89,3
0041900403,533,6,4,4,9:41 PM,9:42,Nunn OFF.Foul (P5) (S.Foster),,,,
0041900403,535,5,37,4,9:41 PM,9:42,Nunn Offensive Foul Turnover (P4.T12),,,,
0041900403,536,8,0,4,9:41 PM,9:42,SUB: Robinson FOR Nunn,,,,
0041900403,537,8,0,4,9:41 PM,9:42,,,SUB: Davis FOR Kuzma,,
0041900403,540,1,1,4,9:42 PM,9:30,,,Morris  3PT Jump Shot (16 PTS) (James 8 AST),89 - 89,TIE
0041900403,542,2,1,4,9:42 PM,9:11,MISS Crowder 24' 3PT Jump Shot,,,,
0041900403,543,4,0,4,9:42 PM,9:10,,,Morris REBOUND (Off:1 Def:4),,
0041900403,544,2,1,4,9:42 PM,9:04,,,MISS Caruso  3PT Jump Shot,,
0041900403,545,4,0,4,9:42 PM,9:03,,,Rondo REBOUND (Off:2 Def:5),,
0041900403,546,1,6,4,9:42 PM,8:56,,,Rondo 3' Driving Layup (4 PTS),91 - 89,-2
0041900403,548,9,1,4,9:42 PM,8:55,HEAT Timeout: Regular (Full 4 Short 0),,,,
0041900403,549,6,1,4,9:46 PM,8:44,,,Rondo P.FOUL (P2.T1) (T.Brothers),,
0041900403,551,1,101,4,9:47 PM,8:31,Butler 10' Driving Floating Jump Shot (32 PTS),,,91 - 91,TIE
0041900403,552,5,4,4,9:47 PM,8:15,,,James Traveling Turnover (P5.T16),,
0041900403,553,1,1,4,9:47 PM,8:03,Olynyk 26' 3PT Jump Shot (15 PTS) (Butler 10 AST),,,91 - 94,3
0041900403,557,5,2,4,9:48 PM,7:48,Robinson STEAL (2 STL),,Rondo Lost Ball Turnover (P2.T17),,
0041900403,559,2,80,4,9:48 PM,7:38,MISS Herro 25' 3PT Step Back Jump Shot,,,,
0041900403,560,4,0,4,9:48 PM,7:36,,,Rondo REBOUND (Off:2 Def:6),,
0041900403,561,2,1,4,9:48 PM,7:28,,,MISS Rondo 27' 3PT Jump Shot,,
0041900403,562,4,0,4,9:48 PM,7:27,Crowder REBOUND (Off:1 Def:6),,,,
0041900403,563,7,5,4,9:48 PM,7:14,,,Caruso Violation:Kicked Ball (T.Brothers),,
0041900403,564,8,0,4,9:48 PM,7:14,,,SUB: Caldwell-Pope FOR Rondo,,
0041900403,565,8,0,4,9:48 PM,7:14,,,SUB: Kuzma FOR Morris,,
0041900403,568,1,1,4,9:49 PM,7:03,Herro 25' 3PT Jump Shot (12 PTS) (Butler 11 AST),,,91 - 97,6
0041900403,570,1,1,4,9:49 PM,6:42,,,Kuzma  3PT Jump Shot (15 PTS) (Caldwell-Pope 1 AST),94 - 97,3
0041900403,572,1,98,4,9:49 PM,6:29,Olynyk 2' Cutting Layup Shot (17 PTS) (Butler 12 AST),,,94 - 99,5
0041900403,574,5,4,4,9:50 PM,6:13,,,James Traveling Turnover (P6.T18),,
0041900403,576,2,78,4,9:51 PM,5:48,MISS Olynyk 15' Floating Jump Shot,,,,
0041900403,577,4,0,4,9:51 PM,5:47,,,Kuzma REBOUND (Off:0 Def:1),,
0041900403,578,6,2,4,9:51 PM,5:41,Robinson S.FOUL (P4.T2) (S.Foster),,,,
0041900403,580,3,11,4,9:51 PM,5:41,,,MISS Caldwell-Pope Free Throw 1 of 2,,
0041900403,581,4,1,4,9:51 PM,5:41,,,Lakers Rebound,,
0041900403,582,3,12,4,9:52 PM,5:41,,,Caldwell-Pope Free Throw 2 of 2 (5 PTS),95 - 99,4
0041900403,583,1,6,4,9:52 PM,5:19,Herro 8' Driving Layup (14 PTS),,,95 - 101,6
0041900403,584,2,1,4,9:52 PM,5:09,,,MISS Davis 18' Jump Shot,,
0041900403,585,4,0,4,9:52 PM,5:07,,,Caruso REBOUND (Off:1 Def:0),,
0041900403,586,2,1,4,9:52 PM,5:05,,,MISS James 29' 3PT Jump Shot,,
0041900403,587,4,0,4,9:52 PM,5:04,,,Kuzma REBOUND (Off:1 Def:1),,
0041900403,589,2,97,4,9:52 PM,5:04,,,MISS Kuzma 3' Tip Layup Shot,,
0041900403,590,4,0,4,9:52 PM,5:03,,,Kuzma REBOUND (Off:2 Def:1),,
0041900403,591,2,97,4,9:52 PM,5:03,Butler BLOCK (2 BLK),,MISS Kuzma 4' Tip Layup Shot,,
0041900403,593,4,0,4,9:52 PM,5:02,Crowder REBOUND (Off:1 Def:7),,,,
0041900403,594,2,6,4,9:53 PM,4:43,MISS Robinson 17' Driving Layup,,,,
0041900403,595,4,0,4,9:53 PM,4:42,,,Davis REBOUND (Off:2 Def:3),,
0041900403,596,5,45,4,9:53 PM,4:40,,,James Out of Bounds - Bad Pass Turnover Turnover (P7.T19),,
0041900403,597,9,1,4,9:53 PM,4:40,HEAT Timeout: Regular (Full 5 Short 0),,,,
0041900403,598,8,0,4,9:55 PM,4:40,,,SUB: Rondo FOR Caruso,,
0041900403,600,2,80,4,9:57 PM,4:24,MISS Butler 17' Step Back Jump Shot,,,,
0041900403,601,4,0,4,9:57 PM,4:23,,,James REBOUND (Off:1 Def:8),,
0041900403,602,2,1,4,9:57 PM,4:05,,,MISS Kuzma 28' 3PT Jump Shot,,
0041900403,603,4,0,4,9:57 PM,4:04,Butler REBOUND (Off:1 Def:9),,,,
0041900403,604,1,86,4,9:57 PM,3:48,Butler 11' Turnaround Fadeaway (34 PTS),,,95 - 103,8
0041900403,605,6,2,4,9:58 PM,3:41,Olynyk S.FOUL (P4.T3) (P.Fraher),,,,
0041900403,607,3,11,4,9:58 PM,3:41,,,Kuzma Free Throw 1 of 2 (16 PTS),96 - 103,7
0041900403,608,3,12,4,9:58 PM,3:41,,,Kuzma Free Throw 2 of 2 (17 PTS),97 - 103,6
0041900403,609,6,2,4,9:59 PM,3:19,,,James S.FOUL (P2.T2) (P.Fraher),,
0041900403,611,3,11,4,9:59 PM,3:19,Butler Free Throw 1 of 2 (35 PTS),,,97 - 104,7
0041900403,612,8,0,4,9:59 PM,3:19,,,SUB: Morris FOR Kuzma,,
0041900403,614,3,12,4,10:00 PM,3:19,Butler Free Throw 2 of 2 (36 PTS),,,97 - 105,8
0041900403,615,2,1,4,10:00 PM,3:10,,,MISS James 27' 3PT Jump Shot,,
0041900403,616,4,0,4,10:00 PM,3:09,Robinson REBOUND (Off:0 Def:5),,,,
0041900403,617,2,86,4,10:00 PM,2:51,MISS Butler 13' Turnaround Fadeaway Shot,,,,
0041900403,618,4,0,4,10:00 PM,2:50,,,James REBOUND (Off:1 Def:9),,
0041900403,619,5,2,4,10:00 PM,2:45,Olynyk STEAL (2 STL),,James Lost Ball Turnover (P8.T20),,
0041900403,621,2,1,4,10:01 PM,2:28,MISS Robinson  3PT Jump Shot,,,,
0041900403,622,4,0,4,10:01 PM,2:27,,,Morris REBOUND (Off:1 Def:5),,
0041900403,623,1,1,4,10:01 PM,2:11,,,Morris 27' 3PT Jump Shot (19 PTS) (Davis 3 AST),100 - 105,5
0041900403,625,6,2,4,10:01 PM,1:47,,,Caldwell-Pope S.FOUL (P4.T3) (P.Fraher),,
0041900403,627,3,11,4,10:02 PM,1:47,Butler Free Throw 1 of 2 (37 PTS),,,100 - 106,6
0041900403,628,3,12,4,10:02 PM,1:47,Butler Free Throw 2 of 2 (38 PTS),,,100 - 107,7
0041900403,629,2,1,4,10:03 PM,1:31,,,MISS Morris 26' 3PT Jump Shot,,
0041900403,630,4,0,4,10:03 PM,1:30,Olynyk REBOUND (Off:0 Def:7),,,,
0041900403,631,1,102,4,10:03 PM,1:13,Butler 8' Driving Floating Bank Jump Shot (40 PTS),,,100 - 109,9
0041900403,632,9,1,4,10:03 PM,1:13,,,Lakers Timeout: Regular (Reg.5 Short 0),,
0041900403,633,8,0,4,10:04 PM,1:13,,,SUB: Kuzma FOR Caldwell-Pope,,
0041900403,635,1,9,4,10:05 PM,1:07,,,James 2' Driving Dunk (25 PTS) (Rondo 5 AST),102 - 109,7
0041900403,637,1,75,4,10:05 PM,0:58,Herro 3' Driving Finger Roll Layup (16 PTS),,,102 - 111,9
0041900403,638,6,2,4,10:05 PM,0:58,,,Rondo S.FOUL (P3.PN) (P.Fraher),,
0041900403,640,3,10,4,10:06 PM,0:58,Herro Free Throw 1 of 1 (17 PTS),,,102 - 112,10
0041900403,641,2,1,4,10:06 PM,0:51,,,MISS James 27' 3PT Jump Shot,,
0041900403,642,4,0,4,10:06 PM,0:50,Butler REBOUND (Off:1 Def:10),,,,
0041900403,643,1,1,4,10:06 PM,0:32,Robinson 24' 3PT Jump Shot (13 PTS) (Butler 13 AST),,,102 - 115,13
0041900403,645,1,102,4,10:07 PM,0:24,,,Kuzma 3' Driving Floating Bank Jump Shot (19 PTS),104 - 115,11
0041900403,646,5,11,4,10:07 PM,0:00,HEAT Turnover: Shot Clock (T#13),,,,
0041900403,647,8,0,4,10:07 PM,0:00,,,SUB: Caruso FOR Rondo,,
0041900403,648,8,0,4,10:07 PM,0:00,,,SUB: Green FOR James,,
0041900403,649,8,0,4,10:07 PM,0:00,,,SUB: Dudley FOR Kuzma,,
0041900403,653,13,0,4,10:08 PM,0:00,,,,104 - 115,11
